Name,Alt
74-becomeadinosaur.png
95-roadie.png
61-blue-essence.png
80-cool-grey.png
13-neutral-blue.png
57410-nolli-map.png
19-subtle.png
24330-poster-perfect.png
28-bluish.png
2712-architectural.png
48750-blank-map.png
4183-mostly-grayscale.png
74-becomeadinosaur.png
95-roadie.png
61-blue-essence.png
80-cool-grey.png
13-neutral-blue.png
57410-nolli-map.png
19-subtle.png
24330-poster-perfect.png
28-bluish.png
2712-architectural.png
48750-blank-map.png
4183-mostly-grayscale.png
74-becomeadinosaur.png
95-roadie.png
61-blue-essence.png
80-cool-grey.png
13-neutral-blue.png
57410-nolli-map.png
19-subtle.png
24330-poster-perfect.png
28-bluish.png
2712-architectural.png
48750-blank-map.png
4183-mostly-grayscale.png
74-becomeadinosaur.png
95-roadie.png
61-blue-essence.png
80-cool-grey.png
13-neutral-blue.png
57410-nolli-map.png
19-subtle.png
24330-poster-perfect.png
28-bluish.png
2712-architectural.png
48750-blank-map.png
4183-mostly-grayscale.png
74-becomeadinosaur.png
95-roadie.png
61-blue-essence.png
80-cool-grey.png
13-neutral-blue.png
57410-nolli-map.png
19-subtle.png
24330-poster-perfect.png
28-bluish.png
2712-architectural.png
48750-blank-map.png
4183-mostly-grayscale.png
74-becomeadinosaur.png
95-roadie.png
61-blue-essence.png
80-cool-grey.png
13-neutral-blue.png
57410-nolli-map.png
19-subtle.png
24330-poster-perfect.png
28-bluish.png
2712-architectural.png
48750-blank-map.png
4183-mostly-grayscale.png
74-becomeadinosaur.png
95-roadie.png
61-blue-essence.png
80-cool-grey.png
13-neutral-blue.png
57410-nolli-map.png
19-subtle.png
24330-poster-perfect.png
28-bluish.png
2712-architectural.png
48750-blank-map.png
4183-mostly-grayscale.png
74-becomeadinosaur.png
95-roadie.png
61-blue-essence.png
80-cool-grey.png
13-neutral-blue.png
57410-nolli-map.png
19-subtle.png
24330-poster-perfect.png
28-bluish.png
2712-architectural.png
48750-blank-map.png
4183-mostly-grayscale.png
74-becomeadinosaur.png
95-roadie.png
61-blue-essence.png
80-cool-grey.png
13-neutral-blue.png
57410-nolli-map.png
19-subtle.png
24330-poster-perfect.png
28-bluish.png
2712-architectural.png
48750-blank-map.png
4183-mostly-grayscale.png
74-becomeadinosaur.png
95-roadie.png
61-blue-essence.png
80-cool-grey.png
13-neutral-blue.png
57410-nolli-map.png
19-subtle.png
24330-poster-perfect.png
28-bluish.png
2712-architectural.png
48750-blank-map.png
4183-mostly-grayscale.png
74-becomeadinosaur.png
74-becomeadinosaur.png
74-becomeadinosaur.png
74-becomeadinosaur.png
74-becomeadinosaur.png
74-becomeadinosaur.png
74-becomeadinosaur.png
74-becomeadinosaur.png
74-becomeadinosaur.png
74-becomeadinosaur.png
74-becomeadinosaur.png
95-roadie.png
61-blue-essence.png
80-cool-grey.png
13-neutral-blue.png
57410-nolli-map.png
19-subtle.png
24330-poster-perfect.png
28-bluish.png
2712-architectural.png
48750-blank-map.png
4183-mostly-grayscale.png
74-becomeadinosaur.png
95-roadie.png
61-blue-essence.png
80-cool-grey.png
13-neutral-blue.png
57410-nolli-map.png
19-subtle.png
24330-poster-perfect.png
28-bluish.png
2712-architectural.png
48750-blank-map.png
4183-mostly-grayscale.png
